10000000005807	MASALA DOSA	MASALA DOSA	10000000000271	6.30	0.00	1		NORMAL	PCS	0
10000000005808	VADA SET	VADA SET	10000000000271	5.25	0.00	2		NORMAL	PCS	0
10000000005809	GHEE ROAST	GHEE ROAST	10000000000271	6.30	0.00	3		NORMAL	PCS	0
10000000005810	EGG DOSA	EGG DOSA	10000000000271	6.30	0.00	4		NORMAL	PCS	0
10000000005811	ONION DOSA	ONION DOSA	10000000000271	6.30	0.00	5		NORMAL	PCS	0
10000000005812	SADA DOSA	SADA DOSA	10000000000271	5.25	0.00	6		NORMAL	PCS	0
10000000005813	THATTU DOSA	THATTU DOSA	10000000000271	5.25	0.00	7		NORMAL	PCS	0
10000000005814	ONION UTHAPPAM	ONION UTHAPPAM	10000000000271	6.30	0.00	8		NORMAL	PCS	0
10000000005815	IDLI SAMBAR	IDLI SAMBAR	10000000000271	5.25	0.00	9		NORMAL	PCS	0
10000000005816	POORI BHAJI	POORI BHAJI	10000000000271	6.30	0.00	10		NORMAL	PCS	0
10000000005817	PUTTU KADALA	PUTTU KADALA	10000000000271	6.30	0.00	11		NORMAL	PCS	0
10000000005818	UPPUMAVU	UPPUMAVU	10000000000271	4.20	0.00	12		NORMAL	PCS	0
10000000005819	EGG ROAST	EGG ROAST	10000000000271	5.00	0.00	13		NORMAL	PCS	120
10000000005820	EGG CURRY	EGG CURRY	10000000000271	4.00	0.00	14		NORMAL	PCS	120
10000000005821	CHERUPAYAR CURRY	CHERUPAYAR CURRY	10000000000271	4.00	0.00	15		NORMAL	PCS	120
10000000005822	KADALA CURRY	KADALA CURRY	10000000000271	4.00	0.00	16		NORMAL	PCS	120
10000000005823	GREEN PEAS	GREEN PEAS	10000000000271	4.00	0.00	17		NORMAL	PCS	120
10000000005824	CHICKEN CURRY	CHICKEN CURRY	10000000000271	8.00	0.00	18		NORMAL	PCS	120
10000000005825	BEEF CURRY	BEEF CURRY	10000000000271	8.00	0.00	19		NORMAL	PCS	120
10000000005826	DAL FRY	DAL FRY	10000000000271	4.00	0.00	20		NORMAL	PCS	120
10000000005827	CHANA MASALA	CHANA MASALA	10000000000271	4.00	0.00	21		NORMAL	PCS	120
10000000005828	KHEEMA	KHEEMA	10000000000271	4.00	0.00	22		NORMAL	PCS	120
10000000005829	FISH CURRY	FISH CURRY	10000000000271	0.00	0.00	23		NORMAL	PCS	120
10000000005830	PUTTU	PUTTU	10000000000271	1.50	0.00	24		NORMAL	PCS	121
10000000005831	IDIYAPPAM	IDIYAPPAM	10000000000271	1.50	0.00	25		NORMAL	PCS	121
10000000005832	APPAM	APPAM	10000000000271	1.50	0.00	26		NORMAL	PCS	121
10000000005833	POORI	POORI	10000000000271	1.50	0.00	27		NORMAL	PCS	121
10000000005834	POROTTA	POROTTA	10000000000271	1.50	0.00	28		NORMAL	PCS	121
10000000005835	WHEAT POROTTA	WHEAT POROTTA	10000000000271	2.00	0.00	29		NORMAL	PCS	121
10000000005836	NEY PATHIRI	NEY PATHIRI	10000000000271	1.50	0.00	30		NORMAL	PCS	121
10000000005837	NICE PATHIRI	NICE PATHIRI	10000000000271	0.75	0.00	31		NORMAL	PCS	121
10000000005838	DOSA	DOSA	10000000000271	1.00	0.00	32		NORMAL	PCS	121
10000000005839	CHAPPATHI	CHAPPATHI	10000000000271	1.00	0.00	33		NORMAL	PCS	121
10000000005840	MADAKKU CHAPATHI	MADAKKU CHAPATHI	10000000000271	2.50	0.00	34		NORMAL	PCS	121
10000000005841	THALI (NORTH INDIAN)	THALI (NORTH INDIAN)	10000000000272	12.60	0.00	35		NORMAL	PCS	0
10000000005842	MOTTA / BARIK SET	MOTTA / BARIK SET	10000000000272	10.00	0.00	36		NORMAL	PCS	0
10000000005843	POTHI CHORU	POTHI CHORU	10000000000272	14.70	0.00	37		NORMAL	PCS	0
10000000005844	PALLI CHORU	PALLI CHORU	10000000000272	16.80	0.00	38		NORMAL	PCS	0
10000000005845	GHEE RICE COMBO CHICKEN	GHEE RICE COMBO CHICKEN	10000000000272	15.75	0.00	39		NORMAL	PCS	0
10000000005846	GHEE RICE COMBO BEEF	GHEE RICE COMBO BEEF	10000000000272	16.80	0.00	40		NORMAL	PCS	0
10000000005847	CHATTI CHORU CHICKEN	CHATTI CHORU CHICKEN	10000000000272	14.70	0.00	41		NORMAL	PCS	0
10000000005848	CHATTI CHORU BEEF	CHATTI CHORU BEEF	10000000000272	15.75	0.00	42		NORMAL	PCS	0
10000000005849	PUYYAPLA CHORU	PUYYAPLA CHORU	10000000000272	17.85	0.00	43		NORMAL	PCS	0
10000000005850	CHAPPATHI SET	CHAPPATHI SET	10000000000272	10.50	0.00	44		NORMAL	PCS	0
10000000005851	MINI SADHYA (SUNDAY)	MINI SADHYA (SUNDAY)	10000000000272	21.00	0.00	45		NORMAL	PCS	122
10000000005852	ERACHI CHORU (MONDAY)	ERACHI CHORU (MONDAY)	10000000000272	16.80	0.00	46		NORMAL	PCS	122
10000000005853	CHEMMEEN CHORU (TUESDAY)	CHEMMEEN CHORU (TUESDAY)	10000000000272	16.80	0.00	47		NORMAL	PCS	122
10000000005854	KUSKA BIRYANI (WEDNESDAY)	KUSKA BIRYANI (WEDNESDAY)	10000000000272	16.80	0.00	48		NORMAL	PCS	122
10000000005855	ACHAYAN SADHYA (THURSDAY)	ACHAYAN SADHYA (THURSDAY)	10000000000272	17.85	0.00	49		NORMAL	PCS	122
10000000005856	LAGOON BIRYANI (FRIDAY)	LAGOON BIRYANI (FRIDAY)	10000000000272	17.85	0.00	50		NORMAL	PCS	122
10000000005857	KAYAL SADHYA (SATURDAY)	KAYAL SADHYA (SATURDAY)	10000000000272	18.90	0.00	51		NORMAL	PCS	122
10000000005858	LAGOON BIRYANI (FRIDAY/SATURDAY/SUNDAY)	LAGOON BIRYANI (FRIDAY/SATURDAY/SUNDAY)	10000000000273	17.85	0.00	52		NORMAL	PCS	0
10000000005859	KISMATH CHICKEN DUM BIRYANI	KISMATH CHICKEN DUM BIRYANI	10000000000273	13.65	0.00	53		NORMAL	PCS	0
10000000005860	KISMATH FRESH MUTTON BIRYANI	KISMATH FRESH MUTTON BIRYANI	10000000000273	17.85	0.00	54		NORMAL	PCS	0
10000000005861	KISMATH FRESH BEEF BIRYANI	KISMATH FRESH BEEF BIRYANI	10000000000273	15.75	0.00	55		NORMAL	PCS	0
10000000005862	KISMATH FISH BIRYANI	KISMATH FISH BIRYANI	10000000000273	17.85	0.00	56		NORMAL	PCS	0
10000000005863	PRAWNS BIRYANI	PRAWNS BIRYANI	10000000000273	19.95	0.00	57		NORMAL	PCS	0
10000000005864	CHICKEN 65 BIRYANI	CHICKEN 65 BIRYANI	10000000000273	16.80	0.00	58		NORMAL	PCS	0
10000000005865	HYDERABADI BIRYANI	HYDERABADI BIRYANI	10000000000273	15.75	0.00	59		NORMAL	PCS	0
10000000005866	EGG BIRYANI	EGG BIRYANI	10000000000273	10.50	0.00	60		NORMAL	PCS	0
10000000005867	VEGETABLE BIRYANI	VEGETABLE BIRYANI	10000000000273	10.50	0.00	61		NORMAL	PCS	0
10000000005868	CHICKEN POTHI BIRYANI	CHICKEN POTHI BIRYANI	10000000000273	15.75	0.00	62		NORMAL	PCS	0
10000000005869	BEEF POTHI BIRYANI	BEEF POTHI BIRYANI	10000000000273	17.85	0.00	63		NORMAL	PCS	0
10000000005870	MUTTON POTHI BIRYANI	MUTTON POTHI BIRYANI	10000000000273	19.95	0.00	64		NORMAL	PCS	0
10000000005871	KISMATH SPECIAL FRIED RICE	KISMATH SPECIAL FRIED RICE	10000000000274	18.90	0.00	65		NORMAL	PCS	0
10000000005872	CHICKEN FRIED RICE	CHICKEN FRIED RICE	10000000000274	14.70	0.00	66		NORMAL	PCS	0
10000000005873	FRIED RICE - EGG	FRIED RICE - EGG	10000000000274	12.60	0.00	67		NORMAL	PCS	0
10000000005874	FRIED RICE - VEG	FRIED RICE - VEG	10000000000274	12.60	0.00	68		NORMAL	PCS	0
10000000005875	MIXED FRIED RICE	MIXED FRIED RICE	10000000000274	17.85	0.00	69		NORMAL	PCS	0
10000000005876	SCHEZWAN FRIED RICE MIXED	SCHEZWAN FRIED RICE MIXED	10000000000274	18.90	0.00	70		NORMAL	PCS	0
10000000005877	SCHEZWAN FRIED RICE - CHI	SCHEZWAN FRIED RICE - CHI	10000000000274	15.75	0.00	71		NORMAL	PCS	0
10000000005878	SCHEZWAN FRIED RICE - VEG	SCHEZWAN FRIED RICE - VEG	10000000000274	13.65	0.00	72		NORMAL	PCS	0
10000000005879	SINGAPORE FRIED RICE - CHI	SINGAPORE FRIED RICE - CHI	10000000000274	16.80	0.00	73		NORMAL	PCS	0
10000000005880	SINGAPORE FRIED RICE - VEG	SINGAPORE FRIED RICE - VEG	10000000000274	15.75	0.00	74		NORMAL	PCS	0
10000000005881	JEERA RICE	JEERA RICE	10000000000274	10.50	0.00	75		NORMAL	PCS	0
10000000005882	BIRYANI RICE	BIRYANI RICE	10000000000274	7.35	0.00	76		NORMAL	PCS	0
10000000005883	GHEE RICE	GHEE RICE	10000000000274	7.35	0.00	77		NORMAL	PCS	0
10000000005884	STEAM RICE	STEAM RICE	10000000000274	5.20	0.00	78		NORMAL	PCS	0
10000000005885	MANGOLIAN RICE - CHI	MANGOLIAN RICE - CHI	10000000000274	17.00	0.00	79		NORMAL	PCS	0
10000000005886	MANGOLIAN RICE - EGG	MANGOLIAN RICE - EGG	10000000000274	15.00	0.00	80		NORMAL	PCS	0
10000000005887	MANGOLIAN RICE - VEG	MANGOLIAN RICE - VEG	10000000000274	13.00	0.00	81		NORMAL	PCS	0
10000000005888	CORN BUTTER RICE	CORN BUTTER RICE	10000000000274	15.75	0.00	82		NORMAL	PCS	0
10000000005889	CHILLI GARLIC RICE	CHILLI GARLIC RICE	10000000000274	15.75	0.00	83		NORMAL	PCS	0
10000000005890	CHICKEN NOODLES	CHICKEN NOODLES	10000000000275	15.75	0.00	84		NORMAL	PCS	0
10000000005891	NOODLES - EGG	NOODLES - EGG	10000000000275	12.60	0.00	85		NORMAL	PCS	0
10000000005892	NOODLES - VEG	NOODLES - VEG	10000000000275	12.60	0.00	86		NORMAL	PCS	0
10000000005893	MIXED NOODLES	MIXED NOODLES	10000000000275	17.85	0.00	87		NORMAL	PCS	0
10000000005894	SINGAPORE NOODLES - VEG	SINGAPORE NOODLES - VEG	10000000000275	14.70	0.00	88		NORMAL	PCS	0
10000000005895	SINGAPORE NOODLES - CHI	SINGAPORE NOODLES - CHI	10000000000275	16.80	0.00	89		NORMAL	PCS	0
10000000005896	PRAWNS NOODLES	PRAWNS NOODLES	10000000000275	18.90	0.00	90		NORMAL	PCS	0
10000000005897	SCHEZWAN CHICKEN NOODLES	SCHEZWAN CHICKEN NOODLES	10000000000275	16.80	0.00	91		NORMAL	PCS	0
10000000005898	SCHEZWAN NOODLES - EGG	SCHEZWAN NOODLES - EGG	10000000000275	14.70	0.00	92		NORMAL	PCS	0
10000000005899	SCHEZWAN NOODLES - VEG	SCHEZWAN NOODLES - VEG	10000000000275	14.70	0.00	93		NORMAL	PCS	0
10000000005900	SCHEZWAN MIXED NOODLES	SCHEZWAN MIXED NOODLES	10000000000275	18.90	0.00	94		NORMAL	PCS	0
10000000005901	AMERICAN CHOP SUEY	AMERICAN CHOP SUEY	10000000000275	22.05	0.00	95		NORMAL	PCS	0
10000000005902	CHILLI GARLIC NOODLES	CHILLI GARLIC NOODLES	10000000000275	16.80	0.00	96		NORMAL	PCS	0
10000000005903	CRISPY FRIED VEG	CRISPY FRIED VEG	10000000000276	13.00	0.00	97		NORMAL	PCS	0
10000000005904	MUSHROOM PEPPER DRY	MUSHROOM PEPPER DRY	10000000000276	13.00	0.00	98		NORMAL	PCS	0
10000000005905	GOLDEN PRAWNS FRY	GOLDEN PRAWNS FRY	10000000000276	13.00	0.00	99		NORMAL	PCS	0
10000000005906	CHICKEN LOLLIPOP	CHICKEN LOLLIPOP	10000000000276	13.00	0.00	100		NORMAL	PCS	0
10000000005907	DYNAMITE PRAWNS	DYNAMITE PRAWNS	10000000000276	13.00	0.00	101		NORMAL	PCS	0
10000000005908	CHICKEN 555	CHICKEN 555	10000000000276	13.00	0.00	102		NORMAL	PCS	0
10000000005909	LEMON CHICKEN	LEMON CHICKEN	10000000000276	13.00	0.00	103		NORMAL	PCS	0
10000000005910	DRAGON CHICKEN	DRAGON CHICKEN	10000000000276	13.00	0.00	104		NORMAL	PCS	0
10000000005911	WINGS ROASTED	WINGS ROASTED	10000000000276	13.00	0.00	105		NORMAL	PCS	0
10000000005912	GOBI 65	GOBI 65	10000000000276	13.00	0.00	106		NORMAL	PCS	0
10000000005913	LEMON CORIANDER GARLIC - CHI	LEMON CORIANDER GARLIC - CHI	10000000000277	10.50	0.00	107		NORMAL	PCS	0
10000000005914	LEMON CORIANDER GARLIC - VEG	LEMON CORIANDER GARLIC - VEG	10000000000277	9.45	0.00	108		NORMAL	PCS	0
10000000005915	SWEET CORN - CHI	SWEET CORN - CHI	10000000000277	10.50	0.00	109		NORMAL	PCS	0
10000000005916	SWEET CORN - VEG	SWEET CORN - VEG	10000000000277	8.40	0.00	110		NORMAL	PCS	0
10000000005917	MANCHOW - CHI	MANCHOW - CHI	10000000000277	10.50	0.00	111		NORMAL	PCS	0
10000000005918	MANCHOW - VEG	MANCHOW - VEG	10000000000277	8.40	0.00	112		NORMAL	PCS	0
10000000005919	HOT 'N' SOUR - CHI	HOT 'N' SOUR - CHI	10000000000277	10.50	0.00	113		NORMAL	PCS	0
10000000005920	HOT 'N' SOUR - VEG	HOT 'N' SOUR - VEG	10000000000277	8.40	0.00	114		NORMAL	PCS	0
10000000005921	CLEAR SOUP - CHI	CLEAR SOUP - CHI	10000000000277	10.50	0.00	115		NORMAL	PCS	0
10000000005922	CLEAR SOUP - VEG	CLEAR SOUP - VEG	10000000000277	10.50	0.00	116		NORMAL	PCS	0
10000000005923	CREAM OF CHICKEN SOUP	CREAM OF CHICKEN SOUP	10000000000277	8.40	0.00	117		NORMAL	PCS	0
10000000005924	EGG SOUP	EGG SOUP	10000000000277	8.40	0.00	118		NORMAL	PCS	0
10000000005925	CREAM OF TOMATO	CREAM OF TOMATO	10000000000277	8.40	0.00	119		NORMAL	PCS	0
10000000005926	PAAL PATHIRI	PAAL PATHIRI	10000000000278	17.85	0.00	120		NORMAL	PCS	0
10000000005927	BEEF TAWA	BEEF TAWA	10000000000278	18.90	0.00	121		NORMAL	PCS	0
10000000005928	KOZHI IDICHU PORICHATHU	KOZHI IDICHU PORICHATHU	10000000000278	17.85	0.00	122		NORMAL	PCS	0
10000000005929	CHARCOAL NIRVANA	CHARCOAL NIRVANA	10000000000278	21.00	0.00	123		NORMAL	PCS	0
10000000005930	KOONTHAL CHILLI TAWA	KOONTHAL CHILLI TAWA	10000000000278	18.90	0.00	124		NORMAL	PCS	0
10000000005931	PAAL POROTTA	PAAL POROTTA	10000000000278	16.80	0.00	125		NORMAL	PCS	0
10000000005932	PAAL KAPPA	PAAL KAPPA	10000000000278	9.45	0.00	126		NORMAL	PCS	0
10000000005933	PAAL KAPPA WITH BEEF	PAAL KAPPA WITH BEEF	10000000000278	17.85	0.00	127		NORMAL	PCS	0
10000000005934	KAPPA BIRYANI - CHI	KAPPA BIRYANI - CHI	10000000000278	15.75	0.00	128		NORMAL	PCS	0
10000000005935	KAPPA BIRYANI - BEEF	KAPPA BIRYANI - BEEF	10000000000278	16.80	0.00	129		NORMAL	PCS	0
10000000005936	PUTTU BIRYANI - CHI	PUTTU BIRYANI - CHI	10000000000278	12.60	0.00	130		NORMAL	PCS	0
10000000005937	PUTTU BIRYANI - BEEF	PUTTU BIRYANI - BEEF	10000000000278	13.65	0.00	131		NORMAL	PCS	0
10000000005938	KOTHU PAROTTA - VEG	KOTHU PAROTTA - VEG	10000000000278	12.60	0.00	132		NORMAL	PCS	0
10000000005939	KOTHU PAROTTA - CHI	KOTHU PAROTTA - CHI	10000000000278	13.65	0.00	133		NORMAL	PCS	0
10000000005940	KOTHU PAROTTA - BEEF	KOTHU PAROTTA - BEEF	10000000000278	14.70	0.00	134		NORMAL	PCS	0
10000000005941	CHICKEN KIZHI PAROTTA	CHICKEN KIZHI PAROTTA	10000000000278	15.75	0.00	135		NORMAL	PCS	0
10000000005942	BEEF KIZHI PAROTTA	BEEF KIZHI PAROTTA	10000000000278	16.80	0.00	136		NORMAL	PCS	0
10000000005943	POTHI PATHIRI BEEF	POTHI PATHIRI BEEF	10000000000278	17.85	0.00	137		NORMAL	PCS	0
10000000005944	THAKKARA PAROTTA	THAKKARA PAROTTA	10000000000278	18.90	0.00	138		NORMAL	PCS	0
10000000005945	CHICKEN KADAI - HALF	CHICKEN KADAI - HALF	10000000000279	15.75	0.00	139		NORMAL	PCS	123
10000000005946	CHICKEN KADAI - FULL	CHICKEN KADAI - FULL	10000000000279	29.40	0.00	140		NORMAL	PCS	123
10000000005947	BUTTER CHICKEN - HALF	BUTTER CHICKEN - HALF	10000000000279	16.80	0.00	141		NORMAL	PCS	123
10000000005948	BUTTER CHICKEN - FULL	BUTTER CHICKEN - FULL	10000000000279	31.50	0.00	142		NORMAL	PCS	123
10000000005949	PALAK CHICKEN - HALF	PALAK CHICKEN - HALF	10000000000279	14.70	0.00	143		NORMAL	PCS	123
10000000005950	PALAK CHICKEN - FULL	PALAK CHICKEN - FULL	10000000000279	28.35	0.00	144		NORMAL	PCS	123
10000000005951	GINGER CHICKEN - HALF	GINGER CHICKEN - HALF	10000000000279	15.75	0.00	145		NORMAL	PCS	123
10000000005952	GINGER CHICKEN - FULL	GINGER CHICKEN - FULL	10000000000279	29.40	0.00	146		NORMAL	PCS	123
10000000005953	CHICKEN MUGHLAI - HALF	CHICKEN MUGHLAI - HALF	10000000000279	14.70	0.00	147		NORMAL	PCS	123
10000000005954	CHICKEN MUGHLAI - FULL	CHICKEN MUGHLAI - FULL	10000000000279	28.35	0.00	148		NORMAL	PCS	123
10000000005955	CHICKEN MANCHURIAN - HALF	CHICKEN MANCHURIAN - HALF	10000000000279	14.70	0.00	149		NORMAL	PCS	123
10000000005956	CHICKEN MANCHURIAN - FULL	CHICKEN MANCHURIAN - FULL	10000000000279	28.35	0.00	150		NORMAL	PCS	123
10000000005957	GARLIC CHICKEN - HALF	GARLIC CHICKEN - HALF	10000000000279	15.75	0.00	151		NORMAL	PCS	123
10000000005958	GARLIC CHICKEN - FULL	GARLIC CHICKEN - FULL	10000000000279	29.40	0.00	152		NORMAL	PCS	123
10000000005959	ALOO GOBI MASALA	ALOO GOBI MASALA	10000000000279	8.40	0.00	153		NORMAL	PCS	124
10000000005960	ALOO PALAK	ALOO PALAK	10000000000279	8.40	0.00	154		NORMAL	PCS	124
10000000005961	BHINDI MASALA	BHINDI MASALA	10000000000279	9.45	0.00	155		NORMAL	PCS	124
10000000005962	DAL PALAK	DAL PALAK	10000000000279	7.35	0.00	156		NORMAL	PCS	124
10000000005963	DAL TADKA	DAL TADKA	10000000000279	7.35	0.00	157		NORMAL	PCS	124
10000000005964	DAL FRY	DAL FRY	10000000000279	6.30	0.00	158		NORMAL	PCS	124
10000000005965	GOBI CHILLI	GOBI CHILLI	10000000000279	12.60	0.00	159		NORMAL	PCS	124
10000000005966	GOBI MANCHURIAN	GOBI MANCHURIAN	10000000000279	12.60	0.00	160		NORMAL	PCS	124
10000000005967	MUSHROOM PANEER	MUSHROOM PANEER	10000000000279	12.60	0.00	161		NORMAL	PCS	124
10000000005968	VEGETABLE KADAI	VEGETABLE KADAI	10000000000279	10.50	0.00	162		NORMAL	PCS	124
10000000005969	VEGETABLE KURUMA	VEGETABLE KURUMA	10000000000279	7.35	0.00	163		NORMAL	PCS	124
10000000005970	MUSHROOM MASALA	MUSHROOM MASALA	10000000000279	12.60	0.00	164		NORMAL	PCS	124
10000000005971	PANEER CHILLI	PANEER CHILLI	10000000000279	12.60	0.00	165		NORMAL	PCS	124
10000000005972	PANEER MASALA	PANEER MASALA	10000000000279	10.50	0.00	166		NORMAL	PCS	124
10000000005973	PANEER BUTTER	PANEER BUTTER	10000000000279	12.60	0.00	167		NORMAL	PCS	124
10000000005974	PANEER PALAK	PANEER PALAK	10000000000279	12.60	0.00	168		NORMAL	PCS	124
10000000005975	VEGETABLE HYDERABADI	VEGETABLE HYDERABADI	10000000000279	10.50	0.00	169		NORMAL	PCS	124
10000000005976	TOMATO FRY	TOMATO FRY	10000000000279	7.35	0.00	170		NORMAL	PCS	124
10000000005977	CHICKEN NADAN CURRY - HALF	CHICKEN NADAN CURRY - HALF	10000000000280	15.75	0.00	171		NORMAL	PCS	125
10000000005978	CHICKEN NADAN CURRY - FULL	CHICKEN NADAN CURRY - FULL	10000000000280	31.50	0.00	172		NORMAL	PCS	125
10000000005979	CHICKEN KONDATTAM - HALF	CHICKEN KONDATTAM - HALF	10000000000280	16.80	0.00	173		NORMAL	PCS	125
10000000005980	CHICKEN KONDATTAM - FULL	CHICKEN KONDATTAM - FULL	10000000000280	31.50	0.00	174		NORMAL	PCS	125
10000000005981	AMMAYI CHICKEN CURRY - HALF	AMMAYI CHICKEN CURRY - HALF	10000000000280	15.75	0.00	175		NORMAL	PCS	125
10000000005982	AMMAYI CHICKEN CURRY - FULL	AMMAYI CHICKEN CURRY - FULL	10000000000280	30.45	0.00	176		NORMAL	PCS	125
10000000005983	THATTUKADA CHICKEN - HALF	THATTUKADA CHICKEN - HALF	10000000000280	15.75	0.00	177		NORMAL	PCS	125
10000000005984	THATTUKADA CHICKEN - FULL	THATTUKADA CHICKEN - FULL	10000000000280	29.40	0.00	178		NORMAL	PCS	125
10000000005985	CHICKEN 65 - HALF	CHICKEN 65 - HALF	10000000000280	14.70	0.00	179		NORMAL	PCS	125
10000000005986	CHICKEN 65 - FULL	CHICKEN 65 - FULL	10000000000280	28.35	0.00	180		NORMAL	PCS	125
10000000005987	CHICKEN 65 MASALA - HALF	CHICKEN 65 MASALA - HALF	10000000000280	15.75	0.00	181		NORMAL	PCS	125
10000000005988	CHICKEN 65 MASALA - FULL	CHICKEN 65 MASALA - FULL	10000000000280	30.45	0.00	182		NORMAL	PCS	125
10000000005989	PEPPER CHICKEN - HALF	PEPPER CHICKEN - HALF	10000000000280	16.80	0.00	183		NORMAL	PCS	125
10000000005990	PEPPER CHICKEN - FULL	PEPPER CHICKEN - FULL	10000000000280	31.50	0.00	184		NORMAL	PCS	125
10000000005991	CHICKEN KURUMA - HALF	CHICKEN KURUMA - HALF	10000000000280	16.80	0.00	185		NORMAL	PCS	125
10000000005992	CHICKEN KURUMA - FULL	CHICKEN KURUMA - FULL	10000000000280	31.50	0.00	186		NORMAL	PCS	125
10000000005993	CHICKEN STEW - HALF	CHICKEN STEW - HALF	10000000000280	15.75	0.00	187		NORMAL	PCS	125
10000000005994	CHICKEN STEW - FULL	CHICKEN STEW - FULL	10000000000280	30.45	0.00	188		NORMAL	PCS	125
10000000005995	CHICKEN FRY	CHICKEN FRY	10000000000280	8.40	0.00	189		NORMAL	PCS	125
10000000005996	CHICKEN ROAST - HALF	CHICKEN ROAST - HALF	10000000000280	14.70	0.00	190		NORMAL	PCS	125
10000000005997	CHICKEN ROAST - FULL	CHICKEN ROAST - FULL	10000000000280	28.35	0.00	191		NORMAL	PCS	125
10000000005998	EGG CURRY	EGG CURRY	10000000000280	7.35	0.00	192		NORMAL	PCS	126
10000000005999	EGG ROAST	EGG ROAST	10000000000280	8.40	0.00	193		NORMAL	PCS	126
10000000006000	EGG BURJI	EGG BURJI	10000000000280	7.35	0.00	194		NORMAL	PCS	126
10000000006001	EGG KURUMA	EGG KURUMA	10000000000280	8.40	0.00	195		NORMAL	PCS	126
10000000006002	BEEF KONDATTAM - HALF	BEEF KONDATTAM - HALF	10000000000281	16.80	0.00	196		NORMAL	PCS	0
10000000006003	BEEF KONDATTAM - FULL	BEEF KONDATTAM - FULL	10000000000281	31.50	0.00	197		NORMAL	PCS	0
10000000006004	THATTUKADA BEEF - HALF	THATTUKADA BEEF - HALF	10000000000281	15.75	0.00	198		NORMAL	PCS	0
10000000006005	THATTUKADA BEEF - FULL	THATTUKADA BEEF - FULL	10000000000281	29.40	0.00	199		NORMAL	PCS	0
10000000006006	BEEF VARATTIYATHU - HALF	BEEF VARATTIYATHU - HALF	10000000000281	16.80	0.00	200		NORMAL	PCS	0
10000000006007	BEEF VARATTIYATHU - FULL	BEEF VARATTIYATHU - FULL	10000000000281	30.50	0.00	201		NORMAL	PCS	0
10000000006008	BEEF CHILLI (CHINESE) - HALF	BEEF CHILLI (CHINESE) - HALF	10000000000281	15.75	0.00	202		NORMAL	PCS	0
10000000006009	BEEF CHILLI (CHINESE) - FULL	BEEF CHILLI (CHINESE) - FULL	10000000000281	30.45	0.00	203		NORMAL	PCS	0
10000000006010	BEEF ROAST - HALF	BEEF ROAST - HALF	10000000000281	14.70	0.00	204		NORMAL	PCS	0
10000000006011	BEEF ROAST - FULL	BEEF ROAST - FULL	10000000000281	29.40	0.00	205		NORMAL	PCS	0
10000000006012	BEEF CURRY - HALF	BEEF CURRY - HALF	10000000000281	13.65	0.00	206		NORMAL	PCS	0
10000000006013	BEEF CURRY - FULL	BEEF CURRY - FULL	10000000000281	27.30	0.00	207		NORMAL	PCS	0
10000000006014	BEEF NADAN CURRY - HALF	BEEF NADAN CURRY - HALF	10000000000281	14.70	0.00	208		NORMAL	PCS	0
10000000006015	BEEF NADAN CURRY - FULL	BEEF NADAN CURRY - FULL	10000000000281	29.40	0.00	209		NORMAL	PCS	0
10000000006016	BEEF SHAPPU CURRY - HALF	BEEF SHAPPU CURRY - HALF	10000000000281	14.70	0.00	210		NORMAL	PCS	0
10000000006017	BEEF SHAPPU CURRY - FULL	BEEF SHAPPU CURRY - FULL	10000000000281	29.40	0.00	211		NORMAL	PCS	0
10000000006018	BEEF BDF - HALF	BEEF BDF - HALF	10000000000281	14.70	0.00	212		NORMAL	PCS	0
10000000006019	BEEF BDF - FULL	BEEF BDF - FULL	10000000000281	29.40	0.00	213		NORMAL	PCS	0
10000000006020	WAYANADAN BEEF - HALF	WAYANADAN BEEF - HALF	10000000000281	15.75	0.00	214		NORMAL	PCS	0
10000000006021	WAYANADAN BEEF - FULL	WAYANADAN BEEF - FULL	10000000000281	29.40	0.00	215		NORMAL	PCS	0
10000000006022	BEEF MASALA - HALF	BEEF MASALA - HALF	10000000000281	14.70	0.00	216		NORMAL	PCS	0
10000000006023	BEEF MASALA - FULL	BEEF MASALA - FULL	10000000000281	29.40	0.00	217		NORMAL	PCS	0
10000000006024	BEEF KUMARAKOM - HALF	BEEF KUMARAKOM - HALF	10000000000281	15.75	0.00	218		NORMAL	PCS	0
10000000006025	BEEF KUMARAKOM - FULL	BEEF KUMARAKOM - FULL	10000000000281	30.45	0.00	219		NORMAL	PCS	0
10000000006026	BEEF CHATTI CURRY	BEEF CHATTI CURRY	10000000000281	25.20	0.00	220		NORMAL	PCS	0
10000000006027	MUTTON CURRY - HALF	MUTTON CURRY - HALF	10000000000282	17.85	0.00	221		NORMAL	PCS	0
10000000006028	MUTTON CURRY - FULL	MUTTON CURRY - FULL	10000000000282	34.75	0.00	222		NORMAL	PCS	0
10000000006029	MUTTON NADAN CURRY	MUTTON NADAN CURRY	10000000000282	18.90	0.00	223		NORMAL	PCS	0
10000000006030	MUTTON VARATTIYATHU - HALF	MUTTON VARATTIYATHU - HALF	10000000000282	18.90	0.00	224		NORMAL	PCS	0
10000000006031	MUTTON VARATTIYATHU - FULL	MUTTON VARATTIYATHU - FULL	10000000000282	35.70	0.00	225		NORMAL	PCS	0
10000000006032	MUTTON ROAST - HALF	MUTTON ROAST - HALF	10000000000282	18.90	0.00	226		NORMAL	PCS	0
10000000006033	MUTTON ROAST - FULL	MUTTON ROAST - FULL	10000000000282	35.70	0.00	227		NORMAL	PCS	0
10000000006034	MUTTON STEW - HALF	MUTTON STEW - HALF	10000000000282	18.90	0.00	228		NORMAL	PCS	0
10000000006035	MUTTON STEW - FULL	MUTTON STEW - FULL	10000000000282	35.70	0.00	229		NORMAL	PCS	0
10000000006036	MUTTON KURUMA	MUTTON KURUMA	10000000000282	18.90	0.00	230		NORMAL	PCS	0
10000000006037	MUTTON PEPPER FRY / GRAVY - HALF	MUTTON PEPPER FRY / GRAVY - HALF	10000000000282	18.90	0.00	231		NORMAL	PCS	0
10000000006038	MUTTON PEPPER FRY / GRAVY - FULL	MUTTON PEPPER FRY / GRAVY - FULL	10000000000282	34.70	0.00	232		NORMAL	PCS	0
10000000006039	MUTTON KOLHAPURI - HALF	MUTTON KOLHAPURI - HALF	10000000000282	18.90	0.00	233		NORMAL	PCS	0
10000000006040	MUTTON KOLHAPURI - FULL	MUTTON KOLHAPURI - FULL	10000000000282	34.70	0.00	234		NORMAL	PCS	0
10000000006041	FISH MULAKITTATHU	FISH MULAKITTATHU	10000000000283	0.00	0.00	235		NORMAL	PCS	0
10000000006042	FISH MANGO CURRY	FISH MANGO CURRY	10000000000283	0.00	0.00	236		NORMAL	PCS	0
10000000006043	FISH CHATTI CURRY	FISH CHATTI CURRY	10000000000283	0.00	0.00	237		NORMAL	PCS	0
10000000006044	FISH POLLICHATHU	FISH POLLICHATHU	10000000000283	0.00	0.00	238		NORMAL	PCS	0
10000000006045	FISH TAWA FRY	FISH TAWA FRY	10000000000283	0.00	0.00	239		NORMAL	PCS	0
10000000006046	FISH MOLEE	FISH MOLEE	10000000000283	0.00	0.00	240		NORMAL	PCS	0
10000000006047	CHEMMEEN FRY	CHEMMEEN FRY	10000000000283	0.00	0.00	241		NORMAL	PCS	0
10000000006048	ALLEPPEY FISH CURRY	ALLEPPEY FISH CURRY	10000000000283	0.00	0.00	242		NORMAL	PCS	0
10000000006049	KUMARAKOM CRAB ROAST	KUMARAKOM CRAB ROAST	10000000000283	0.00	0.00	243		NORMAL	PCS	0
10000000006050	CRAB CAPSICUM MASALA	CRAB CAPSICUM MASALA	10000000000283	0.00	0.00	244		NORMAL	PCS	0
10000000006051	NELLIKKA MANGO FISH CURRY	NELLIKKA MANGO FISH CURRY	10000000000283	0.00	0.00	245		NORMAL	PCS	0
10000000006052	FISH MAPPAS	FISH MAPPAS	10000000000283	0.00	0.00	246		NORMAL	PCS	0
10000000006053	CHEMMEEN TAWA	CHEMMEEN TAWA	10000000000283	0.00	0.00	247		NORMAL	PCS	0
10000000006054	CHEMMEEN THENGA KOTHU	CHEMMEEN THENGA KOTHU	10000000000283	0.00	0.00	248		NORMAL	PCS	0
10000000006055	FISH TAWA COCONUT MILK	FISH TAWA COCONUT MILK	10000000000283	0.00	0.00	249		NORMAL	PCS	0
10000000006056	SQUID TAWA	SQUID TAWA	10000000000283	0.00	0.00	250		NORMAL	PCS	0
10000000006057	SQUID KANTHARI	SQUID KANTHARI	10000000000283	0.00	0.00	251		NORMAL	PCS	0
10000000006058	SEAFOOD PLATTER	SEAFOOD PLATTER	10000000000283	0.00	0.00	252		NORMAL	PCS	0
10000000006059	MEGA ZINGER BURGER	MEGA ZINGER BURGER	10000000000284	14.00	0.00	253		NORMAL	PCS	0
10000000006060	DOUBLE CHICKEN BURGER	DOUBLE CHICKEN BURGER	10000000000284	14.00	0.00	254		NORMAL	PCS	0
10000000006061	ZINGER BURGER	ZINGER BURGER	10000000000284	12.00	0.00	255		NORMAL	PCS	0
10000000006062	CHICKEN BURGER	CHICKEN BURGER	10000000000284	7.00	0.00	256		NORMAL	PCS	0
10000000006063	BEEF BURGER	BEEF BURGER	10000000000284	7.00	0.00	257		NORMAL	PCS	0
10000000006064	VEG BURGER	VEG BURGER	10000000000284	7.00	0.00	258		NORMAL	PCS	0
10000000006065	MANGO PUTTU	MANGO PUTTU	10000000000285	10.00	0.00	259		NORMAL	PCS	0
10000000006066	NUGGETS (6 PCS)	NUGGETS (6 PCS)	10000000000285	10.00	0.00	260		NORMAL	PCS	0
10000000006067	FRENCH FRIES - SMALL	FRENCH FRIES - SMALL	10000000000285	6.00	0.00	261		NORMAL	PCS	0
10000000006068	FRENCH FRIES - LARGE	FRENCH FRIES - LARGE	10000000000285	12.00	0.00	262		NORMAL	PCS	0
10000000006069	WEDGES	WEDGES	10000000000285	10.00	0.00	263		NORMAL	PCS	0
10000000006070	MAGGIE	MAGGIE	10000000000285	7.00	0.00	264		NORMAL	PCS	0
10000000006071	FRUIT SALAD	FRUIT SALAD	10000000000285	6.00	0.00	265		NORMAL	PCS	0
10000000006072	KIDS DINNER MEAL (NOODLES, FRIED RICE, 2 PCS 65)	KIDS DINNER MEAL (NOODLES, FRIED RICE, 2 PCS 65)	10000000000285	15.75	0.00	266		NORMAL	PCS	0
10000000006073	AFGHANI CHICKEN CHARCOAL - HALF	AFGHANI CHICKEN CHARCOAL - HALF	10000000000286	20.00	0.00	267		NORMAL	PCS	0
10000000006074	AFGHANI CHICKEN CHARCOAL - FULL	AFGHANI CHICKEN CHARCOAL - FULL	10000000000286	38.50	0.00	268		NORMAL	PCS	0
10000000006075	PERI PERI CHICKEN CHARCOAL - HALF	PERI PERI CHICKEN CHARCOAL - HALF	10000000000286	20.00	0.00	269		NORMAL	PCS	0
10000000006076	PERI PERI CHICKEN CHARCOAL - FULL	PERI PERI CHICKEN CHARCOAL - FULL	10000000000286	38.50	0.00	270		NORMAL	PCS	0
10000000006077	GREEN CHILLI CHARCOAL - HALF	GREEN CHILLI CHARCOAL - HALF	10000000000286	20.00	0.00	271		NORMAL	PCS	0
10000000006078	GREEN CHILLI CHARCOAL - FULL	GREEN CHILLI CHARCOAL - FULL	10000000000286	38.50	0.00	272		NORMAL	PCS	0
10000000006079	PEPPER CHICKEN CHARCOAL - HALF	PEPPER CHICKEN CHARCOAL - HALF	10000000000286	20.00	0.00	273		NORMAL	PCS	0
10000000006080	PEPPER CHICKEN CHARCOAL - FULL	PEPPER CHICKEN CHARCOAL - FULL	10000000000286	38.50	0.00	274		NORMAL	PCS	0
10000000006081	CHICKEN CHARCOAL - HALF	CHICKEN CHARCOAL - HALF	10000000000286	19.00	0.00	275		NORMAL	PCS	0
10000000006082	CHICKEN CHARCOAL - FULL	CHICKEN CHARCOAL - FULL	10000000000286	36.00	0.00	276		NORMAL	PCS	0
10000000006083	TURKISH CHARCOAL - HALF	TURKISH CHARCOAL - HALF	10000000000286	20.00	0.00	277		NORMAL	PCS	0
10000000006084	TURKISH CHARCOAL - FULL	TURKISH CHARCOAL - FULL	10000000000286	38.50	0.00	278		NORMAL	PCS	0
10000000006085	PINEAPPLE CHICKEN CHARCOAL - HALF	PINEAPPLE CHICKEN CHARCOAL - HALF	10000000000286	20.00	0.00	279		NORMAL	PCS	0
10000000006086	PINEAPPLE CHICKEN CHARCOAL - FULL	PINEAPPLE CHICKEN CHARCOAL - FULL	10000000000286	38.50	0.00	280		NORMAL	PCS	0
10000000006087	CHICKEN CHARCOAL BIRYANI - QTR	CHICKEN CHARCOAL BIRYANI - QTR	10000000000286	18.00	0.00	281		NORMAL	PCS	0
10000000006088	CHICKEN CHARCOAL BIRYANI - HALF	CHICKEN CHARCOAL BIRYANI - HALF	10000000000286	30.00	0.00	282		NORMAL	PCS	0
10000000006089	CHICKEN CHARCOAL BIRYANI - FULL	CHICKEN CHARCOAL BIRYANI - FULL	10000000000286	45.00	0.00	283		NORMAL	PCS	0
10000000006090	ZINGER POROTTA	ZINGER POROTTA	10000000000287	10.50	0.00	284		NORMAL	PCS	0
10000000006091	CHICKEN CHILLI POROTTA	CHICKEN CHILLI POROTTA	10000000000287	5.25	0.00	285		NORMAL	PCS	0
10000000006092	FRANCISCO POROTTA	FRANCISCO POROTTA	10000000000287	6.30	0.00	286		NORMAL	PCS	0
10000000006093	BEEF NASHIF POROTTA	BEEF NASHIF POROTTA	10000000000287	6.30	0.00	287		NORMAL	PCS	0
10000000006094	OMAN CHIPS POROTTA	OMAN CHIPS POROTTA	10000000000287	3.15	0.00	288		NORMAL	PCS	0
10000000006095	OMELETTE POROTTA	OMELETTE POROTTA	10000000000287	4.20	0.00	289		NORMAL	PCS	0
10000000006096	CHICKEN LEMON POROTTA	CHICKEN LEMON POROTTA	10000000000287	8.40	0.00	290		NORMAL	PCS	0
10000000006097	HOTDOG POROTTA	HOTDOG POROTTA	10000000000287	5.25	0.00	291		NORMAL	PCS	0
10000000006098	NUTELLA POROTTA	NUTELLA POROTTA	10000000000287	3.15	0.00	292		NORMAL	PCS	0
10000000006099	CHEESE POROTTA	CHEESE POROTTA	10000000000287	2.10	0.00	293		NORMAL	PCS	0
10000000006100	NUGGETS POROTTA	NUGGETS POROTTA	10000000000287	6.30	0.00	294		NORMAL	PCS	0
10000000006101	CHICKEN CLUB	CHICKEN CLUB	10000000000288	13.65	0.00	295		NORMAL	PCS	0
10000000006102	FAMILY CLUB	FAMILY CLUB	10000000000288	42.00	0.00	296		NORMAL	PCS	0
10000000006103	ZINGER CLUB	ZINGER CLUB	10000000000288	14.70	0.00	297		NORMAL	PCS	0
10000000006104	VEG CLUB	VEG CLUB	10000000000288	13.65	0.00	298		NORMAL	PCS	0
10000000006105	MUTTON CLUB	MUTTON CLUB	10000000000288	13.65	0.00	299		NORMAL	PCS	0
10000000006106	BAHARIYA CLUB	BAHARIYA CLUB	10000000000288	14.70	0.00	300		NORMAL	PCS	0
10000000006107	HOTDOG CLUB	HOTDOG CLUB	10000000000288	12.60	0.00	301		NORMAL	PCS	0
10000000006108	SIZZLING BROWNIE	SIZZLING BROWNIE	10000000000289	18.90	0.00	302		NORMAL	PCS	0
10000000006109	BANANA LEAF WITH ICE CREAM	BANANA LEAF WITH ICE CREAM	10000000000289	12.60	0.00	303		NORMAL	PCS	0
10000000006110	FRUIT SALAD	FRUIT SALAD	10000000000289	12.60	0.00	304		NORMAL	PCS	0
10000000006111	CHOICE OF ICE CREAMS (3 SCOOP)	CHOICE OF ICE CREAMS (3 SCOOP)	10000000000289	12.60	0.00	305		NORMAL	PCS	0
10000000006112	PAZHAM PORI WITH ICE CREAM	PAZHAM PORI WITH ICE CREAM	10000000000289	12.60	0.00	306		NORMAL	PCS	0
10000000006113	PUDDING	PUDDING	10000000000289	6.30	0.00	307		NORMAL	PCS	0
10000000006114	LEMON MINT - SMALL	LEMON MINT - SMALL	10000000000290	8.00	0.00	308		NORMAL	PCS	0
10000000006115	LEMON MINT - LARGE	LEMON MINT - LARGE	10000000000290	10.00	0.00	309		NORMAL	PCS	0
10000000006116	AVOCADO - SMALL	AVOCADO - SMALL	10000000000290	8.00	0.00	310		NORMAL	PCS	0
10000000006117	AVOCADO - LARGE	AVOCADO - LARGE	10000000000290	10.00	0.00	311		NORMAL	PCS	0
10000000006118	MANGO - SMALL	MANGO - SMALL	10000000000290	8.00	0.00	312		NORMAL	PCS	0
10000000006119	MANGO - LARGE	MANGO - LARGE	10000000000290	10.00	0.00	313		NORMAL	PCS	0
10000000006120	PINEAPPLE - SMALL	PINEAPPLE - SMALL	10000000000290	8.00	0.00	314		NORMAL	PCS	0
10000000006121	PINEAPPLE - LARGE	PINEAPPLE - LARGE	10000000000290	10.00	0.00	315		NORMAL	PCS	0
10000000006122	CHIKOO - SMALL	CHIKOO - SMALL	10000000000290	8.00	0.00	316		NORMAL	PCS	0
10000000006123	CHIKOO - LARGE	CHIKOO - LARGE	10000000000290	10.00	0.00	317		NORMAL	PCS	0
10000000006124	POMEGRANATE - SMALL	POMEGRANATE - SMALL	10000000000290	8.00	0.00	318		NORMAL	PCS	0
10000000006125	POMEGRANATE - LARGE	POMEGRANATE - LARGE	10000000000290	10.00	0.00	319		NORMAL	PCS	0
10000000006126	SWEET MELON - SMALL	SWEET MELON - SMALL	10000000000290	8.00	0.00	320		NORMAL	PCS	0
10000000006127	SWEET MELON - LARGE	SWEET MELON - LARGE	10000000000290	10.00	0.00	321		NORMAL	PCS	0
10000000006128	ORANGE - SMALL	ORANGE - SMALL	10000000000290	8.00	0.00	322		NORMAL	PCS	0
10000000006129	ORANGE - LARGE	ORANGE - LARGE	10000000000290	10.00	0.00	323		NORMAL	PCS	0
10000000006130	STRAWBERRY - SMALL	STRAWBERRY - SMALL	10000000000290	8.00	0.00	324		NORMAL	PCS	0
10000000006131	STRAWBERRY - LARGE	STRAWBERRY - LARGE	10000000000290	10.00	0.00	325		NORMAL	PCS	0
10000000006132	PAPAYA - SMALL	PAPAYA - SMALL	10000000000290	8.00	0.00	326		NORMAL	PCS	0
10000000006133	PAPAYA - LARGE	PAPAYA - LARGE	10000000000290	10.00	0.00	327		NORMAL	PCS	0
10000000006134	WATERMELON - SMALL	WATERMELON - SMALL	10000000000290	8.00	0.00	328		NORMAL	PCS	0
10000000006135	WATERMELON - LARGE	WATERMELON - LARGE	10000000000290	10.00	0.00	329		NORMAL	PCS	0
10000000006136	KIWI - SMALL	KIWI - SMALL	10000000000290	8.00	0.00	330		NORMAL	PCS	0
10000000006137	KIWI - LARGE	KIWI - LARGE	10000000000290	10.00	0.00	331		NORMAL	PCS	0
10000000006138	APPLE - SMALL	APPLE - SMALL	10000000000290	8.00	0.00	332		NORMAL	PCS	0
10000000006139	APPLE - LARGE	APPLE - LARGE	10000000000290	10.00	0.00	333		NORMAL	PCS	0
10000000006140	BANANA - SMALL	BANANA - SMALL	10000000000290	8.00	0.00	334		NORMAL	PCS	0
10000000006141	BANANA - LARGE	BANANA - LARGE	10000000000290	10.00	0.00	335		NORMAL	PCS	0
10000000006142	ABOOD - SMALL	ABOOD - SMALL	10000000000290	10.00	0.00	336		NORMAL	PCS	0
10000000006143	ABOOD - LARGE	ABOOD - LARGE	10000000000290	12.00	0.00	337		NORMAL	PCS	0
10000000006144	MILLENNIUM - SMALL	MILLENNIUM - SMALL	10000000000290	10.00	0.00	338		NORMAL	PCS	0
10000000006145	MILLENNIUM - LARGE	MILLENNIUM - LARGE	10000000000290	12.00	0.00	339		NORMAL	PCS	0
10000000006146	ABADI - SMALL	ABADI - SMALL	10000000000290	10.00	0.00	340		NORMAL	PCS	0
10000000006147	ABADI - LARGE	ABADI - LARGE	10000000000290	12.00	0.00	341		NORMAL	PCS	0
10000000006148	EMARATI COCKTAIL - SMALL	EMARATI COCKTAIL - SMALL	10000000000290	10.00	0.00	342		NORMAL	PCS	0
10000000006149	EMARATI COCKTAIL - LARGE	EMARATI COCKTAIL - LARGE	10000000000290	12.00	0.00	343		NORMAL	PCS	0
10000000006150	TENDER COCONUT - SMALL	TENDER COCONUT - SMALL	10000000000290	10.00	0.00	344		NORMAL	PCS	0
10000000006151	TENDER COCONUT - LARGE	TENDER COCONUT - LARGE	10000000000290	12.00	0.00	345		NORMAL	PCS	0
10000000006152	KISMATH SPECIAL JUICE	KISMATH SPECIAL JUICE	10000000000291	12.60	0.00	346		NORMAL	PCS	0
10000000006153	FRUITY FRUITY	FRUITY FRUITY	10000000000291	12.60	0.00	347		NORMAL	PCS	0
10000000006154	THABAKAT	THABAKAT	10000000000291	13.65	0.00	348		NORMAL	PCS	0
10000000006155	COCKTAIL	COCKTAIL	10000000000291	12.60	0.00	349		NORMAL	PCS	0
10000000006156	OREO SHAKE	OREO SHAKE	10000000000291	12.60	0.00	350		NORMAL	PCS	0
10000000006157	PISTA SHAKE	PISTA SHAKE	10000000000291	13.65	0.00	351		NORMAL	PCS	0
10000000006158	STRAWBERRY SMOOTHIE	STRAWBERRY SMOOTHIE	10000000000291	13.65	0.00	352		NORMAL	PCS	0
10000000006159	MANGO SMOOTHIE	MANGO SMOOTHIE	10000000000291	13.65	0.00	353		NORMAL	PCS	0
10000000006160	RASPBERRY MOJITO	RASPBERRY MOJITO	10000000000291	10.50	0.00	354		NORMAL	PCS	0
10000000006161	ORANGE LEMON MOJITO	ORANGE LEMON MOJITO	10000000000291	10.50	0.00	355		NORMAL	PCS	0
10000000006162	STRAWBERRY MOJITO	STRAWBERRY MOJITO	10000000000291	10.50	0.00	356		NORMAL	PCS	0
10000000006163	PASSION FRUIT	PASSION FRUIT	10000000000291	11.55	0.00	357		NORMAL	PCS	0
10000000006164	FALOODA	FALOODA	10000000000291	12.60	0.00	358		NORMAL	PCS	0
10000000006165	FRUIT SALAD	FRUIT SALAD	10000000000291	12.60	0.00	359		NORMAL	PCS	0
10000000006166	SWEET LASSI	SWEET LASSI	10000000000291	8.40	0.00	360		NORMAL	PCS	0
10000000006167	MANGO LASSI	MANGO LASSI	10000000000291	10.50	0.00	361		NORMAL	PCS	0
