1	SPICY		PENDING
3	NO NEED PLASTIC		PENDING
4	ALERGIC		PENDING
5	LESS SPICY	بدون طحينية 	PENDING
7	LESS OIL	زيادة طحينية 	PENDING
7	ORANGE SLICE		PENDING
8	LEMON SLICE		PENDING
9	LEMON JUICE		PENDING
10	MINT LEAVES		PENDING
11	ROOM TEMPERATURE		PENDING
13	ICE ON THE SIDE		PENDING
15	LOW SUGAR		PENDING
16	MEDIUM SUGAR		PENDING
17	EXTRA SWEET		PENDING
18	DONT MAKE , FOR TEST ONLY		PENDING
21	Rare		PENDING
23	Medium rare		PENDING
25	Medium		PENDING
27	Medium well 		PENDING
29	Well done		PENDING
31	Happy birthday 		PENDING
33	Anniversary		PENDING
35	Nuts allergie		PENDING
37	Cilliac allergie 		PENDING
39	Shellfish allergie		PENDING
41	Sesame allergie		PENDING
43	Soybean allergie		PENDING
45	Diarry allergie 		PENDING
47	Gluten allergie 		PENDING
49	Seafood allergie		PENDING
51	Sauce on side 		PENDING
53	For kids		PENDING
55	No spicy		PENDING
57	Ice on side 		PENDING
59	No ice		PENDING
61	Extra hot		PENDING
63	Milk on the side		PENDING
